text,label
New cloud update released,Technology
New hardware update released,Technology
New software update released,Technology
New machine learning update released,Technology
New software update released,Technology
New machine learning update released,Technology
New app update released,Technology
New cloud update released,Technology
New cloud update released,Technology
New cloud update released,Technology
New hardware update released,Technology
New cloud update released,Technology
New data update released,Technology
New cloud update released,Technology
New machine learning update released,Technology
New data update released,Technology
New data update released,Technology
New machine learning update released,Technology
New data update released,Technology
New hardware update released,Technology
New hardware update released,Technology
New cloud update released,Technology
New app update released,Technology
New software update released,Technology
New machine learning update released,Technology
New software update released,Technology
New data update released,Technology
New AI update released,Technology
New machine learning update released,Technology
New app update released,Technology
New app update released,Technology
New software update released,Technology
New hardware update released,Technology
New AI update released,Technology
New hardware update released,Technology
New data update released,Technology
New AI update released,Technology
New software update released,Technology
New app update released,Technology
New machine learning update released,Technology
New machine learning update released,Technology
New hardware update released,Technology
New cloud update released,Technology
New app update released,Technology
New cloud update released,Technology
New cloud update released,Technology
New AI update released,Technology
New cloud update released,Technology
New hardware update released,Technology
New software update released,Technology
New hardware update released,Technology
New hardware update released,Technology
New AI update released,Technology
New hardware update released,Technology
New cloud update released,Technology
New cloud update released,Technology
New hardware update released,Technology
New hardware update released,Technology
New AI update released,Technology
New data update released,Technology
New app update released,Technology
New hardware update released,Technology
New hardware update released,Technology
New software update released,Technology
New machine learning update released,Technology
New app update released,Technology
New machine learning update released,Technology
New cloud update released,Technology
New app update released,Technology
New cloud update released,Technology
New AI update released,Technology
New machine learning update released,Technology
New software update released,Technology
New software update released,Technology
New software update released,Technology
New hardware update released,Technology
New hardware update released,Technology
New hardware update released,Technology
New AI update released,Technology
New AI update released,Technology
New AI update released,Technology
New data update released,Technology
New AI update released,Technology
New machine learning update released,Technology
New app update released,Technology
New AI update released,Technology
New machine learning update released,Technology
New software update released,Technology
New data update released,Technology
New AI update released,Technology
New software update released,Technology
New AI update released,Technology
New hardware update released,Technology
New AI update released,Technology
New data update released,Technology
New app update released,Technology
New machine learning update released,Technology
New AI update released,Technology
New app update released,Technology
New data update released,Technology
New cricket update released,Sports
New match update released,Sports
New tournament update released,Sports
New tournament update released,Sports
New cricket update released,Sports
New tournament update released,Sports
New football update released,Sports
New tennis update released,Sports
New cricket update released,Sports
New cricket update released,Sports
New tournament update released,Sports
New tennis update released,Sports
New match update released,Sports
New basketball update released,Sports
New tennis update released,Sports
New tournament update released,Sports
New match update released,Sports
New cricket update released,Sports
New cricket update released,Sports
New football update released,Sports
New football update released,Sports
New tennis update released,Sports
New football update released,Sports
New tournament update released,Sports
New tournament update released,Sports
New football update released,Sports
New cricket update released,Sports
New tennis update released,Sports
New football update released,Sports
New football update released,Sports
New match update released,Sports
New tournament update released,Sports
New football update released,Sports
New tennis update released,Sports
New tennis update released,Sports
New match update released,Sports
New tournament update released,Sports
New tennis update released,Sports
New cricket update released,Sports
New tournament update released,Sports
New match update released,Sports
New match update released,Sports
New basketball update released,Sports
New match update released,Sports
New cricket update released,Sports
New match update released,Sports
New match update released,Sports
New tournament update released,Sports
New tournament update released,Sports
New basketball update released,Sports
New tennis update released,Sports
New football update released,Sports
New match update released,Sports
New cricket update released,Sports
New football update released,Sports
New basketball update released,Sports
New tournament update released,Sports
New basketball update released,Sports
New cricket update released,Sports
New match update released,Sports
New basketball update released,Sports
New tournament update released,Sports
New tournament update released,Sports
New cricket update released,Sports
New match update released,Sports
New basketball update released,Sports
New tournament update released,Sports
New tennis update released,Sports
New tennis update released,Sports
New tennis update released,Sports
New cricket update released,Sports
New football update released,Sports
New basketball update released,Sports
New football update released,Sports
New match update released,Sports
New match update released,Sports
New cricket update released,Sports
New match update released,Sports
New cricket update released,Sports
New basketball update released,Sports
New cricket update released,Sports
New tournament update released,Sports
New match update released,Sports
New tournament update released,Sports
New basketball update released,Sports
New basketball update released,Sports
New tournament update released,Sports
New football update released,Sports
New match update released,Sports
New match update released,Sports
New tournament update released,Sports
New basketball update released,Sports
New football update released,Sports
New match update released,Sports
New football update released,Sports
New match update released,Sports
New football update released,Sports
New basketball update released,Sports
New cricket update released,Sports
New match update released,Sports
New government update released,Politics
New minister update released,Politics
New election update released,Politics
New policy update released,Politics
New policy update released,Politics
New minister update released,Politics
New policy update released,Politics
New policy update released,Politics
New minister update released,Politics
New minister update released,Politics
New parliament update released,Politics
New law update released,Politics
New election update released,Politics
New policy update released,Politics
New law update released,Politics
New government update released,Politics
New government update released,Politics
New policy update released,Politics
New minister update released,Politics
New minister update released,Politics
New policy update released,Politics
New government update released,Politics
New parliament update released,Politics
New law update released,Politics
New parliament update released,Politics
New minister update released,Politics
New parliament update released,Politics
New parliament update released,Politics
New minister update released,Politics
New law update released,Politics
New government update released,Politics
New parliament update released,Politics
New policy update released,Politics
New minister update released,Politics
New policy update released,Politics
New government update released,Politics
New parliament update released,Politics
New minister update released,Politics
New government update released,Politics
New election update released,Politics
New policy update released,Politics
New minister update released,Politics
New parliament update released,Politics
New election update released,Politics
New parliament update released,Politics
New minister update released,Politics
New law update released,Politics
New election update released,Politics
New government update released,Politics
New law update released,Politics
New policy update released,Politics
New policy update released,Politics
New government update released,Politics
New government update released,Politics
New government update released,Politics
New election update released,Politics
New government update released,Politics
New election update released,Politics
New government update released,Politics
New election update released,Politics
New policy update released,Politics
New election update released,Politics
New government update released,Politics
New election update released,Politics
New parliament update released,Politics
New government update released,Politics
New election update released,Politics
New parliament update released,Politics
New law update released,Politics
New policy update released,Politics
New election update released,Politics
New policy update released,Politics
New law update released,Politics
New parliament update released,Politics
New minister update released,Politics
New policy update released,Politics
New minister update released,Politics
New law update released,Politics
New government update released,Politics
New policy update released,Politics
New minister update released,Politics
New election update released,Politics
New law update released,Politics
New election update released,Politics
New parliament update released,Politics
New policy update released,Politics
New minister update released,Politics
New election update released,Politics
New minister update released,Politics
New policy update released,Politics
New government update released,Politics
New policy update released,Politics
New minister update released,Politics
New government update released,Politics
New minister update released,Politics
New government update released,Politics
New law update released,Politics
New law update released,Politics
New minister update released,Politics
New law update released,Politics
New hospital update released,Health
New medicine update released,Health
New doctor update released,Health
New diet update released,Health
New doctor update released,Health
New doctor update released,Health
New doctor update released,Health
New doctor update released,Health
New medicine update released,Health
New diet update released,Health
New diet update released,Health
New hospital update released,Health
New exercise update released,Health
New hospital update released,Health
New hospital update released,Health
New hospital update released,Health
New medicine update released,Health
New doctor update released,Health
New diet update released,Health
New diet update released,Health
New exercise update released,Health
New exercise update released,Health
New hospital update released,Health
New doctor update released,Health
New exercise update released,Health
New medicine update released,Health
New diet update released,Health
New hospital update released,Health
New medicine update released,Health
New diet update released,Health
New mental health update released,Health
New diet update released,Health
New diet update released,Health
New exercise update released,Health
New exercise update released,Health
New doctor update released,Health
New mental health update released,Health
New mental health update released,Health
New diet update released,Health
New exercise update released,Health
New medicine update released,Health
New diet update released,Health
New diet update released,Health
New diet update released,Health
New hospital update released,Health
New medicine update released,Health
New medicine update released,Health
New exercise update released,Health
New medicine update released,Health
New diet update released,Health
New doctor update released,Health
New diet update released,Health
New diet update released,Health
New medicine update released,Health
New diet update released,Health
New medicine update released,Health
New doctor update released,Health
New medicine update released,Health
New medicine update released,Health
New exercise update released,Health
New mental health update released,Health
New exercise update released,Health
New medicine update released,Health
New medicine update released,Health
New doctor update released,Health
New hospital update released,Health
New hospital update released,Health
New mental health update released,Health
New mental health update released,Health
New exercise update released,Health
New hospital update released,Health
New doctor update released,Health
New mental health update released,Health
New medicine update released,Health
New hospital update released,Health
New hospital update released,Health
New doctor update released,Health
New doctor update released,Health
New medicine update released,Health
New mental health update released,Health
New hospital update released,Health
New exercise update released,Health
New diet update released,Health
New diet update released,Health
New exercise update released,Health
New doctor update released,Health
New doctor update released,Health
New exercise update released,Health
New exercise update released,Health
New exercise update released,Health
New medicine update released,Health
New mental health update released,Health
New mental health update released,Health
New medicine update released,Health
New hospital update released,Health
New hospital update released,Health
New exercise update released,Health
New mental health update released,Health
New mental health update released,Health
New medicine update released,Health
New festival update released,Entertainment
New festival update released,Entertainment
New music update released,Entertainment
New music update released,Entertainment
New concert update released,Entertainment
New actor update released,Entertainment
New concert update released,Entertainment
New music update released,Entertainment
New movie update released,Entertainment
New movie update released,Entertainment
New actor update released,Entertainment
New movie update released,Entertainment
New show update released,Entertainment
New show update released,Entertainment
New concert update released,Entertainment
New movie update released,Entertainment
New concert update released,Entertainment
New music update released,Entertainment
New festival update released,Entertainment
New concert update released,Entertainment
New music update released,Entertainment
New concert update released,Entertainment
New festival update released,Entertainment
New movie update released,Entertainment
New festival update released,Entertainment
New festival update released,Entertainment
New concert update released,Entertainment
New festival update released,Entertainment
New actor update released,Entertainment
New festival update released,Entertainment
New festival update released,Entertainment
New music update released,Entertainment
New concert update released,Entertainment
New festival update released,Entertainment
New festival update released,Entertainment
New festival update released,Entertainment
New actor update released,Entertainment
New show update released,Entertainment
New show update released,Entertainment
New festival update released,Entertainment
New music update released,Entertainment
New festival update released,Entertainment
New actor update released,Entertainment
New festival update released,Entertainment
New concert update released,Entertainment
New festival update released,Entertainment
New actor update released,Entertainment
New festival update released,Entertainment
New actor update released,Entertainment
New festival update released,Entertainment
New festival update released,Entertainment
New movie update released,Entertainment
New festival update released,Entertainment
New movie update released,Entertainment
New festival update released,Entertainment
New music update released,Entertainment
New movie update released,Entertainment
New actor update released,Entertainment
New actor update released,Entertainment
New music update released,Entertainment
New movie update released,Entertainment
New show update released,Entertainment
New show update released,Entertainment
New show update released,Entertainment
New movie update released,Entertainment
New actor update released,Entertainment
New movie update released,Entertainment
New music update released,Entertainment
New festival update released,Entertainment
New festival update released,Entertainment
New movie update released,Entertainment
New concert update released,Entertainment
New show update released,Entertainment
New actor update released,Entertainment
New festival update released,Entertainment
New movie update released,Entertainment
New concert update released,Entertainment
New actor update released,Entertainment
New movie update released,Entertainment
New concert update released,Entertainment
New festival update released,Entertainment
New movie update released,Entertainment
New actor update released,Entertainment
New movie update released,Entertainment
New music update released,Entertainment
New concert update released,Entertainment
New concert update released,Entertainment
New festival update released,Entertainment
New movie update released,Entertainment
New music update released,Entertainment
New movie update released,Entertainment
New movie update released,Entertainment
New show update released,Entertainment
New music update released,Entertainment
New concert update released,Entertainment
New actor update released,Entertainment
New movie update released,Entertainment
New music update released,Entertainment
New music update released,Entertainment
New festival update released,Entertainment
text,label
AI is growing fast,technology
Stock market crashed,business
